sheet,chain,co_owned,state,empft,emppt,wage_st,empft2,emppt2,wage_st2,fte,fte2,dfte,gap,dw,sample
46,1,0,0,30,15,,3.5,35,4.3000002,37.5,21,-16.5,0,,0
49,2,0,0,6.5,6.5,,0,15,4.4499998,9.75,7.5,-2.25,0,,0
506,2,1,0,3,7,,3,7,5,6.5,6.5,0,0,,0
56,4,1,0,20,20,5,0,36,5.25,30,18,-12,0,.25,1
61,4,1,0,6,26,5.5,28,3,4.75,19,29.5,10.5,0,-.75,1
62,4,1,0,0,31,5,,,,15.5,,,0,,0
445,1,0,0,50,35,5,15,18,4.75,67.5,24,-43.5,0,-.25,1
451,1,0,0,10,17,5,26,9,5,18.5,30.5,12,0,0,1
455,2,1,0,2,8,5.25,3,12,5,6,9,3,0,-.25,1
458,2,1,0,2,10,5,2,9,5,7,6.5,-.5,0,0,1
462,3,1,0,2.5,20,5,1,25,4.75,12.5,13.5,1,0,-.25,1
468,1,0,0,40,30,5,9,32,5,55,25,-30,0,0,1
469,1,0,0,8,27,5,7,39,4.5,21.5,26.5,5,0,-.5,1
470,1,0,0,10.5,30,5.5,18,10,4.75,25.5,23,-2.5,0,-.75,1
474,1,0,0,6,9,5,5,20,4.5,10.5,15,4.5,0,-.5,1
481,2,1,0,5,17.5,5.25,15,4,5,13.75,17,3.25,0,-.25,1
483,2,1,0,1,15,5,4,13,4.75,8.5,10.5,2,0,-.25,1
487,3,1,0,10,6,5,6,20,4.75,13,16,3,0,-.25,1
488,3,0,0,20,13,5,5,15,4.75,26.5,12.5,-14,0,-.25,1
489,3,0,0,5,23,5,2,19,4.25,16.5,11.5,-5,0,-.75,1
490,3,1,0,10,12.5,5,2,18,5,16.25,11,-5.25,0,0,1
493,3,1,0,27,12,5,0,30,4.9000001,33,15,-18,0,-.099999905,1
495,3,0,0,4,28,5,8,20,5,18,18,0,0,0,1
496,3,1,0,10,15,5,10,10,4.75,17.5,15,-2.5,0,-.25,1
499,4,1,0,0,28,5,0,31,5,14,15.5,1.5,0,0,1
509,3,1,0,3,16,5,5.5,10,4.25,11,10.5,-.5,0,-.75,1
515,3,1,0,7,16,5,5,19,4.75,15,14.5,-.5,0,-.25,1
37,1,0,0,21,9,4.25,6,25,4.25,25.5,18.5,-7,0,0,1
39,1,0,0,1,32,4.25,5,15,,17,12.5,-4.5,0,,0
40,1,0,0,10,20,4.25,7,25,4.25,20,19.5,-.5,0,0,1
41,1,0,0,0,27,4.25,0,42,4.25,13.5,21,7.5,0,0,1
42,1,0,0,17,4,4.5,0,22,4.25,19,11,-8,0,-.25,1
45,1,0,0,0,24,4.25,11,12,4.25,12,17,5,0,0,1
47,1,0,0,25,15,4.5,0,45,4.25,32.5,22.5,-10,0,-.25,0
48,1,0,0,6,20,4.25,7.5,25,4.3800001,16,20,4,0,.13000011,1
50,2,0,0,6,10,4.5,4,20,4.75,11,14,3,0,.25,1
51,2,0,0,0,15,4.25,6,15,4.25,7.5,13.5,6,0,0,1
57,4,1,0,30,10,4.6700001,7,18,4.5,35,16,-19,0,-.17000008,1
58,4,1,0,8,25,4.75,0,28,4.5,20.5,14,-6.5,0,-.25,1
59,4,0,0,0,15,4.25,0,16,4.25,7.5,8,.5,0,0,1
60,4,0,0,10,20,4.25,10,20,4.25,20,20,0,0,0,1
407,2,1,0,2,12,4.75,1,14,4.25,8,8,0,0,-.5,1
430,1,0,0,20,25,4.25,0,48,4.25,32.5,24,-8.5,0,0,1
432,1,0,0,20,55,4.5,25,10,5.0500002,47.5,30,-17.5,0,.55000019,1
433,1,0,0,10,30,4.25,0,42,,25,21,-4,0,,0
434,1,0,0,15,50,4.25,19,29,4.25,40,33.5,-6.5,0,0,1
435,1,0,0,1,37.5,4.25,0,32,4.25,19.75,16,-3.75,0,0,1
438,2,0,0,0,9,4.25,2,9,4.25,4.5,6.5,2,0,0,1
440,4,0,0,0,25,4.25,0,30,,12.5,15,2.5,0,,0
441,4,0,0,30,10,4.25,0,30,4.25,35,15,-20,0,0,1
443,4,0,0,4,19,4.25,5,20,4.3499999,13.5,15,1.5,0,.099999905,1
444,4,0,0,12,20,4.25,10,35,4.5,22,27.5,5.5,0,.25,1
446,1,0,0,,,4.5,7,24,5,,19,,0,.5,0
448,1,0,0,8,18,4.75,8,27,4.5,17,21.5,4.5,0,-.25,1
449,1,0,0,0,25,4.8699999,15,15,5,12.5,22.5,10,0,.13000011,1
450,1,0,0,2,21,4.75,27.5,8,4.75,12.5,31.5,19,0,0,1
454,2,1,0,1,9,4.5,0,18,5,5.5,9,3.5,0,.5,1
459,3,1,0,5,20,4.25,0,20,4.3499999,15,10,-5,0,.099999905,1
466,4,0,0,8,17.5,4.75,14,12,,16.75,20,3.25,0,,0
471,1,0,0,25,20,4.25,12,23,4.25,35,23.5,-11.5,0,0,1
472,1,0,0,37.5,2,4.25,8,25,4.9000001,38.5,20.5,-18,0,.6500001,1
473,1,0,0,5,27,4.75,26,15,4.5,18.5,33.5,15,0,-.25,1
475,1,0,0,25,8,4.5,10,16,4.5,29,18,-11,0,0,1
476,1,0,0,6,30,4.25,5,30,4.75,21,20,-1,0,.5,1
477,1,0,0,8,28,4.25,6,20,6.25,22,16,-6,0,2,1
478,1,0,0,32,25,4.5,8,30,4.3499999,44.5,23,-21.5,0,-.1500001,1
485,2,1,0,1,9,4.5,4,12,4.5,5.5,10,4.5,0,0,1
491,3,0,0,4,25,4.5,0,0,,16.5,0,-16.5,0,,0
492,3,1,0,2,16,4.5,4,15,4.5,10,11.5,1.5,0,0,1
497,4,1,0,12,15,4.5,,,,19.5,,,0,,0
498,4,1,0,20,10,4.75,21,5.5,5,25,23.75,-1.25,0,.25,1
501,1,0,0,14,15,4.25,30,15,4.75,21.5,37.5,16,0,.5,1
503,1,0,0,7.5,14,4.75,35,6.5,4.5,14.5,38.25,23.75,0,-.25,1
510,3,1,0,7,25,4.25,2.5,17.5,,19.5,11.25,-8.25,0,,0
511,3,1,0,4,16,4.75,3,13,4.75,12,9.5,-2.5,0,0,1
514,3,0,0,5,20,4.5,23,16,4.25,15,31,16,0,-.25,1
516,3,1,0,6,22.5,4.75,2,12,4.9099998,17.25,8,-9.25,0,.15999985,1
521,1,0,0,2.5,20,4.25,0,12,4.4000001,12.5,6,-6.5,0,.1500001,1
522,1,0,0,2,30,4.3499999,3,23,4.25,17,14.5,-2.5,0,-.099999905,1
113,1,0,1,0,22,,2,40,5.0500002,11,22,11,0,,0
123,1,0,1,0,20,,5,25,5.0500002,10,17.5,7.5,0,,0
135,3,0,1,10,20,,8,24,5.0500002,20,20,0,0,,0
138,3,1,1,4.5,25.5,,2,33,5.0500002,17.25,18.5,1.25,0,,0
153,1,0,1,0,25,,26.5,10,5.0500002,12.5,31.5,19,0,,0
181,2,0,1,0,13,,1,15,5.0500002,6.5,8.5,2,0,,0
191,4,0,1,30,20,,0,25,5.0500002,40,12.5,-27.5,0,,0
231,1,0,1,,10,,16,6,5.0500002,,19,,0,,0
236,1,0,1,0,34,,23,22,5.0500002,17,34,17,0,,0
254,4,0,1,20,10,,28,10,5.25,25,33,8,0,,0
255,4,0,1,0,14,,8,12,,7,14,7,0,,0
294,1,0,1,0,35,,0,35,5.0500002,17.5,17.5,0,0,,0
306,3,1,1,15,15,,6,20,5.0500002,22.5,16,-6.5,0,,0
311,4,0,1,0,30,,35,30,5.0500002,15,50,35,0,,0
315,1,0,1,5,19,,4.5,20,5.0500002,14.5,14.5,0,0,,0
335,1,1,1,9,10,,7,13,5.0500002,14,13.5,-.5,0,,0
372,1,1,1,0,45,,30,20,5.0500002,22.5,40,17.5,0,,0
6,3,1,1,2,2,5,5,2,5.0500002,3,6,3,.0099999998,.050000191,1
14,2,0,1,10,8,5.1199999,4,17,5.0500002,14,12.5,-1.5,0,-.069999695,1
26,1,0,1,30,15,5.5599999,10,20,5.0500002,37.5,20,-17.5,0,-.50999975,1
27,2,1,1,4,10,5,0,7,5.0500002,9,3.5,-5.5,.0099999998,.050000191,1
30,2,0,1,6,4,5,4,3,5.0500002,8,5.5,-2.5,.0099999998,.050000191,1
31,2,0,1,4,16,5.25,6,15,5.0500002,12,13.5,1.5,0,-.19999981,1
33,3,0,1,12,20,5,6,11,5.0500002,22,11.5,-10.5,.0099999998,.050000191,1
36,4,0,1,8,12,5.5,10,35,5.0500002,14,27.5,13.5,0,-.44999981,1
77,3,0,1,6,50,5,4,60,5.0500002,31,34,3,.0099999998,.050000191,1
78,3,1,1,13,10,5,10,12,5.0500002,18,16,-2,.0099999998,.050000191,1
81,4,0,1,25,13,5,0,45,5.0500002,31.5,22.5,-9,.0099999998,.050000191,1
82,4,0,1,8,14.5,5,25,8,5.0500002,15.25,29,13.75,.0099999998,.050000191,1
83,4,0,1,12.5,20,5,,,5.0500002,22.5,,,.0099999998,.050000191,0
85,1,0,1,7,20,5.5,0,35,5.0500002,17,17.5,.5,0,-.44999981,1
89,1,1,1,10,6,5,6,25,5.5,13,18.5,5.5,.0099999998,.5,1
94,2,0,1,0,25,5,2,20,5.0500002,12.5,12,-.5,.0099999998,.050000191,1
103,4,0,1,12.5,10,5,,,5.0500002,17.5,,,.0099999998,.050000191,0
112,4,0,1,4,26,5,5,25,5.0500002,17,17.5,.5,.0099999998,.050000191,1
128,2,1,1,6.5,7.5,5,3,16,5.0500002,10.25,11,.75,.0099999998,.050000191,1
129,3,0,1,20,20,5.25,7,18,5.0500002,30,16,-14,0,-.19999981,1
131,3,0,1,15,25,5.5,8,22,5.0500002,27.5,19,-8.5,0,-.44999981,1
139,4,0,1,,,5.5,11,25,5.5,,23.5,,0,0,0
143,4,0,1,0,30,5.3699999,,,,15,,,0,,0
144,4,0,1,10,30,5.0500002,4,37,5.0500002,25,22.5,-2.5,0,0,1
145,1,0,1,5,17,5,10,8,5.2800002,13.5,14,.5,.0099999998,.28000021,1
147,1,0,1,8.5,6.5,5.1199999,6,0,5.25,11.75,6,-5.75,0,.13000011,1
148,1,0,1,4.5,30,5.25,7.5,30,5.0500002,19.5,22.5,3,0,-.19999981,1
151,1,0,1,1,12,5,0,0,,7,0,-7,.0099999998,,0
152,1,0,1,35,15,5.1199999,12,13.5,5.0500002,42.5,18.75,-23.75,0,-.069999695,1
157,2,0,1,10,5,5,12,8,5.5,12.5,16,3.5,.0099999998,.5,1
161,3,1,1,8,25,5,26,12,5.0500002,20.5,32,11.5,.0099999998,.050000191,1
163,3,1,1,12,18,5,1.5,33,5.0500002,21,18,-3,.0099999998,.050000191,1
164,3,1,1,4,30,5,5,15,5.0500002,19,12.5,-6.5,.0099999998,.050000191,1
165,4,0,1,20,10,5,10,17,5.0500002,25,18.5,-6.5,.0099999998,.050000191,1
169,1,1,1,12,33,5,20,6,5.0500002,28.5,23,-5.5,.0099999998,.050000191,1
170,1,1,1,10,20,5,20,20,5.0500002,20,30,10,.0099999998,.050000191,1
187,3,0,1,4,20,5.6199999,5,17.5,5.0500002,14,13.75,-.25,0,-.56999969,1
190,3,1,1,5,42,5,7,30,5.0500002,26,22,-4,.0099999998,.050000191,1
196,4,1,1,8,19,5,0,30,5.0500002,17.5,15,-2.5,.0099999998,.050000191,1
197,1,0,1,23,10,5,5,21,5.0500002,28,15.5,-12.5,.0099999998,.050000191,1
234,1,0,1,0,10,5,10,4,5.0500002,5,12,7,.0099999998,.050000191,1
240,3,1,1,15,35,5.0999999,15,15,5.0500002,32.5,22.5,-10,0,-.049999714,1
241,3,0,1,15,25,5,15,,5.0500002,27.5,,,.0099999998,.050000191,0
242,3,1,1,25,10,5.25,12,10,5.0500002,30,17,-13,0,-.19999981,1
245,3,0,1,15,8,5.5,8,12,5.0500002,19,14,-5,0,-.44999981,1
259,1,0,1,13,12,5,15,15,5.0500002,19,22.5,3.5,.0099999998,.050000191,1
268,1,1,1,10,18,5,0,42.5,5.0500002,19,21.25,2.25,.0099999998,.050000191,1
271,2,1,1,0,13,5,0,15,5.0500002,6.5,7.5,1,.0099999998,.050000191,1
272,2,1,1,4,11,5.0500002,2,14,5.25,9.5,9,-.5,0,.19999981,1
274,2,1,1,0,15,5.5,3,7,5.0500002,7.5,6.5,-1,0,-.44999981,1
276,2,1,1,5,10,5,5,15,5.0500002,10,12.5,2.5,.0099999998,.050000191,1
296,1,1,1,5,16,5.3000002,4,9,5.0500002,13,8.5,-4.5,0,-.25,1
299,2,1,1,3,8,5,6,12,5.0500002,7,12,5,.0099999998,.050000191,1
301,2,1,1,8,12,5,2,7,5.0500002,14,5.5,-8.5,.0099999998,.050000191,1
320,2,0,1,5,9,5,4,6,5.0500002,9.5,7,-2.5,.0099999998,.050000191,1
321,2,0,1,3,14,5,4,11,5.0500002,10,9.5,-.5,.0099999998,.050000191,1
324,3,0,1,20,46,5.25,22,39,5.0500002,43,41.5,-1.5,0,-.19999981,1
326,3,1,1,18,45,5.1500001,0,45,5.0500002,40.5,22.5,-18,0,-.099999905,1
330,4,0,1,4,16,5.4200001,3,20,5.6700001,12,13,1,0,.25,1
334,1,0,1,10,10,5,0,20,5.0500002,15,10,-5,.0099999998,.050000191,1
349,3,1,1,2.5,27,5,0,20,5.0500002,16,10,-6,.0099999998,.050000191,1
354,4,0,1,14,7,5.0599999,9,7,5.0500002,17.5,12.5,-5,0,-.009999752,1
356,4,0,1,11.5,10,5.0500002,0,28,5.0500002,16.5,14,-2.5,0,0,1
357,4,0,1,4.5,20,5,21,6,5.25,14.5,24,9.5,.0099999998,.25,1
371,1,0,1,12,23,5,11,22,5.25,23.5,22,-1.5,.0099999998,.25,1
373,1,1,1,14,12,5,18,15,5.0500002,20,25.5,5.5,.0099999998,.050000191,1
375,1,0,1,25,10,5.25,0,25,5.5,30,12.5,-17.5,0,.25,1
378,1,1,1,10,8,5,20,15,5.0500002,14,27.5,13.5,.0099999998,.050000191,1
381,1,0,1,10,20,5,15,15,5.0500002,20,22.5,2.5,.0099999998,.050000191,1
403,3,1,1,13,31,5.0500002,11,23,5.0500002,28.5,22.5,-6,0,0,0
406,4,1,1,12,35,5,17,22,5.5,29.5,28,-1.5,.0099999998,.5,1
407,4,1,1,5,10,5.75,8,7,5.5,10,11.5,1.5,0,-.25,1
409,1,0,1,3,60,5,0,15,5.0500002,33,7.5,-25.5,.0099999998,.050000191,1
1,1,0,1,16,30,4.5,20,40,5.0500002,31,40,9,.12222222,.55000019,1
2,1,0,1,10,6,4.75,7.5,10,5.25,13,12.5,-.5,.063157894,.5,1
3,2,0,1,6,13,4.25,4,7,5.0500002,12.5,7.5,-5,.1882353,.80000019,1
4,3,0,1,10,12,4.75,5,30,5.0500002,16,20,4,.063157894,.30000019,1
5,3,0,1,5,30,4.5,10,30,5.1500001,20,25,5,.12222222,.6500001,1
8,4,0,1,,25,4.8000002,15,25,5.0500002,,27.5,,.052083291,.25,0
9,1,0,1,12,40,4.3699999,0,32,5.0500002,32,16,-16,.15560643,.68000031,1
10,1,0,1,15,20,4.25,15,15,5.0500002,25,22.5,-2.5,.1882353,.80000019,1
11,1,0,1,10,30,4.25,12,24,5.0500002,25,24,-1,.1882353,.80000019,1
12,1,0,1,6.5,23.5,4.3699999,15,15,5.0500002,18.25,22.5,4.25,.15560643,.68000031,1
13,2,0,1,0,25,4.5,2,11,5,12.5,7.5,-5,.12222222,.5,1
15,3,0,1,3,25,4.5999999,5,20,5.0500002,15.5,15,-.5,.097826108,.45000029,1
16,3,0,1,6,22,4.5,7,17,5.0500002,17,15.5,-1.5,.12222222,.55000019,1
17,3,0,1,0,20,4.3699999,4,35,5.0500002,10,21.5,11.5,.15560643,.68000031,1
18,3,0,1,15,25,4.25,8,38,5.0500002,27.5,27,-.5,.1882353,.80000019,1
19,1,0,1,4,31,4.25,6,44,5.0500002,19.5,28,8.5,.1882353,.80000019,1
21,2,0,1,5,12,4.4499998,0,11,5.0500002,11,5.5,-5.5,.1348315,.60000038,1
22,3,0,1,3,15,4.3499999,3,15,5.0500002,10.5,10.5,0,.16091956,.70000029,1
23,1,0,1,0,25,4.5,14,14,5.0500002,12.5,21,8.5,.12222222,.55000019,1
24,1,0,1,15,15,4.75,15,20,5.0500002,22.5,25,2.5,.063157894,.30000019,1
28,2,0,1,0,14,4.5,6,2,,7,7,0,.12222222,,0
29,2,0,1,0,7,4.5,0,13,5.0500002,3.5,6.5,3,.12222222,.55000019,1
32,3,0,1,10,20.5,4.5,2,25,5.0500002,20.25,14.5,-5.75,.12222222,.55000019,1
34,3,1,1,5,15,4.9499998,11,7,5.0500002,12.5,14.5,2,.020202059,.10000038,1
35,4,0,1,25,6.5,4.5,13,18,5.0500002,28.25,22,-6.25,.12222222,.55000019,1
38,1,0,1,15,20,4.25,10,20,5.0500002,25,20,-5,.1882353,.80000019,1
63,1,1,1,26,6,4.25,15,10,5.0500002,29,20,-9,.1882353,.80000019,0
64,1,0,1,20,15,4.5,13,13,5.0500002,27.5,19.5,-8,.12222222,.55000019,1
65,1,0,1,0,20,4.8000002,,,5.0500002,10,,,.052083291,.25,0
66,1,0,1,15,18,4.25,26,10,5.0500002,24,31,7,.1882353,.80000019,1
67,1,0,1,5,15,4.5,4,17.5,5.0500002,12.5,12.75,.25,.12222222,.55000019,1
68,1,0,1,30,10,4.25,13,17,5.0500002,35,21.5,-13.5,.1882353,.80000019,1
69,1,0,1,0,27,4.25,0,27,5.0500002,13.5,13.5,0,.1882353,.80000019,1
70,1,0,1,35,20,4.5,10,30,5.0500002,45,25,-20,.12222222,.55000019,1
71,1,0,1,0,35,4.75,29,14,5.0500002,17.5,36,18.5,.063157894,.30000019,1
73,2,0,1,0,7,4.25,14,0,5.0500002,3.5,14,10.5,.1882353,.80000019,1
75,2,0,1,3,15,4.25,4,11,5.0500002,10.5,9.5,-1,.1882353,.80000019,1
76,3,1,1,8,32,4.25,25,15,5.0500002,24,32.5,8.5,.1882353,.80000019,1
79,3,1,1,6,25,4.5,8,18,5.0500002,18.5,17,-1.5,.12222222,.55000019,1
80,4,0,1,4.5,20,4.25,11,14,5.0500002,14.5,18,3.5,.1882353,.80000019,0
84,1,0,1,4,30,4.5,12,30,5.0500002,19,27,8,.12222222,.55000019,1
86,1,0,1,11,11,4.25,9,12,5.0500002,16.5,15,-1.5,.1882353,.80000019,1
87,1,0,1,0,15,4.5,0,30,5.0500002,7.5,15,7.5,.12222222,.55000019,0
88,1,0,1,3,35,4.25,4,37,5.0500002,20.5,22.5,2,.1882353,.80000019,1
91,1,1,1,8,22,4.25,0,30,5.0500002,19,15,-4,.1882353,.80000019,1
92,1,1,1,4,18,4.25,14,6,5.0500002,13,17,4,.1882353,.80000019,1
93,1,1,1,2.5,30,4.25,5,25,5.0500002,17.5,17.5,0,.1882353,.80000019,1
95,2,0,1,18,3,4.25,0,14,5.0500002,19.5,7,-12.5,.1882353,.80000019,1
96,2,0,1,0,15,4.25,0,15,5.0500002,7.5,7.5,0,.1882353,.80000019,1
97,2,0,1,0,12,4.25,2.5,11,5.0500002,6,8,2,.1882353,.80000019,1
98,2,0,1,0,20,4.25,3,13,5.0500002,10,9.5,-.5,.1882353,.80000019,1
99,3,1,1,60,40,4.75,30,50,5.0500002,80,55,-25,.063157894,.30000019,1
101,3,0,1,4.5,15,4.75,10,12,5.0500002,12,16,4,.063157894,.30000019,1
102,3,0,1,12,13,4.4000001,0,27,5.0500002,18.5,13.5,-5,.14772725,.6500001,1
104,4,0,1,40,20,4.6199999,11,10,5.0500002,50,16,-34,.093073621,.43000031,1
105,1,0,1,0,40,4.25,0,45,5.0500002,20,22.5,2.5,.1882353,.80000019,1
106,1,0,1,0,35,4.25,2,25,5.0500002,17.5,14.5,-3,.1882353,.80000019,1
107,1,1,1,6,11,4.25,13.5,10,5.0500002,11.5,18.5,7,.1882353,.80000019,1
108,1,0,1,13.5,15,4.25,11,24,5.0500002,21,23,2,.1882353,.80000019,1
111,3,0,1,17,14,4.25,20,14.5,5.0500002,24,27.25,3.25,.1882353,.80000019,1
114,1,0,1,0,35,4.75,20,40,5.25,17.5,40,22.5,.063157894,.5,1
115,1,0,1,20,25,4.75,6,15,5.0500002,32.5,13.5,-19,.063157894,.30000019,1
116,1,0,1,4,22.5,4.25,22,12,5.0500002,15.25,28,12.75,.1882353,.80000019,1
118,1,0,1,10,15,4.25,18,20,5.0500002,17.5,28,10.5,.1882353,.80000019,1
119,1,0,1,12,19,4.75,18,13,5.0500002,21.5,24.5,3,.063157894,.30000019,1
120,1,1,1,0,32,4.5,0,30,5.0500002,16,15,-1,.12222222,.55000019,1
122,1,0,1,1,38,4.25,10,50,5.0500002,20,35,15,.1882353,.80000019,1
124,1,0,1,8,10,4.25,21,6,5.0500002,13,24,11,.1882353,.80000019,1
125,2,0,1,15,0,4.5,0,15,5.0500002,15,7.5,-7.5,.12222222,.55000019,1
130,3,1,1,7,25.5,4.5,2,38,5.0500002,19.75,21,1.25,.12222222,.55000019,1
132,3,1,1,20,20,4.5,15,20,5.5,30,25,-5,.12222222,1,1
133,3,1,1,6,16,4.75,3,20,5.0500002,14,13,-1,.063157894,.30000019,1
134,3,0,1,5.5,25,4.6199999,6,27.5,5.0500002,18,19.75,1.75,.093073621,.43000031,1
136,3,1,1,14.5,14.5,4.25,,,,21.75,,,.1882353,,0
137,3,1,1,15,25,4.25,12,30,5.0500002,27.5,27,-.5,.1882353,.80000019,1
140,4,0,1,0,40,4.5,5,35,5.6700001,20,22.5,2.5,.12222222,1.1700001,1
141,4,0,1,10,15,4.75,10,25,5.0500002,17.5,22.5,5,.063157894,.30000019,1
142,4,0,1,15,35,4.25,40,31,5.0500002,32.5,55.5,23,.1882353,.80000019,1
146,1,0,1,8,20,4.8000002,0,32,5.0500002,18,16,-2,.052083291,.25,1
149,1,0,1,0,20,4.5,8,10,5.0500002,10,13,3,.12222222,.55000019,1
150,1,0,1,0,27.5,4.6700001,12,20,5.75,13.75,22,8.25,.081370436,1.0799999,1
156,1,0,1,8,15,4.8699999,2,18,5.0500002,15.5,11,-4.5,.036961012,.18000031,1
158,2,0,1,2,7,4.5,3,4,5.0500002,5.5,5,-.5,.12222222,.55000019,1
159,2,0,1,6,12,4.5,10,5,5.25,12,12.5,.5,.12222222,.75,1
162,3,1,1,0,40,4.75,3,30,5.0500002,20,18,-2,.063157894,.30000019,1
166,4,0,1,8,32,4.75,0,35,5.0500002,24,17.5,-6.5,.063157894,.30000019,1
168,1,0,1,5,20,4.25,0,32,5.25,15,16,1,.1882353,1,1
171,1,1,1,2,32,4.25,10,12.5,5.0500002,18,16.25,-1.75,.1882353,.80000019,1
172,1,0,1,0,24,4.75,7,23,5.0500002,12,18.5,6.5,.063157894,.30000019,1
173,1,0,1,6,40,4.8499999,11,30,5.0500002,26,26,0,.041237134,.20000029,1
174,1,0,1,11,20,4.75,20,20,5.0500002,21,30,9,.063157894,.30000019,1
176,1,0,1,15,21,4.6199999,20,27.5,5.0500002,25.5,33.75,8.25,.093073621,.43000031,1
178,2,1,1,13,12,4.25,1,10,5.0500002,19,6,-13,.1882353,.80000019,1
179,2,0,1,2,12,4.25,2,10,5.0500002,8,7,-1,.1882353,.80000019,1
180,2,0,1,8,3,4.5,0,17.5,5.0500002,9.5,8.75,-.75,.12222222,.55000019,1
182,2,0,1,3,15,4.5,0,15,5.0500002,10.5,7.5,-3,.12222222,.55000019,1
183,2,0,1,12,4,4.6199999,15,10,5.0500002,14,20,6,.093073621,.43000031,1
185,2,0,1,2,9,4.5,2,6,5.0500002,6.5,5,-1.5,.12222222,.55000019,1
186,3,0,1,10,20,4.75,12,18,5.0500002,20,21,1,.063157894,.30000019,1
189,3,0,1,4,15,4.75,0,19,5.0500002,11.5,9.5,-2,.063157894,.30000019,1
192,4,0,1,20,10,4.8699999,4.5,30,5.25,25,19.5,-5.5,.036961012,.38000011,1
193,4,0,1,1,13,4.5,4,9,5.0500002,7.5,8.5,1,.12222222,.55000019,1
195,4,0,1,0,30,4.25,8,25,5.0500002,15,20.5,5.5,.1882353,.80000019,1
198,1,0,1,,,4.25,10,32,5.0500002,,26,,.1882353,.80000019,0
199,2,0,1,0,12,4.3499999,11,3,5.0500002,6,12.5,6.5,.16091956,.70000029,1
200,1,0,1,0,60,4.25,5,40,5.0500002,30,25,-5,.1882353,.80000019,1
201,1,0,1,0,33,4.5,16,22,5.0500002,16.5,27,10.5,.12222222,.55000019,1
202,1,0,1,30,14,4.25,13,11,5.0500002,37,18.5,-18.5,.1882353,.80000019,1
203,1,0,1,9,12,4.25,4,34,5.0500002,15,21,6,.1882353,.80000019,1
204,1,0,1,10,8.5,4.25,12,13.5,5.0500002,14.25,18.75,4.5,.1882353,.80000019,1
207,2,1,1,8,10,4.75,8.5,6,5.1999998,13,11.5,-1.5,.063157894,.44999981,1
208,3,1,1,12,32,4.6199999,5,32,5.0500002,28,21,-7,.093073621,.43000031,1
209,3,1,1,4,36,4.25,6,37,5.0500002,22,24.5,2.5,.1882353,.80000019,1
210,4,1,1,0,19,4.5,0,14,5.0500002,9.5,7,-2.5,.12222222,.55000019,1
211,1,0,1,3,28,4.5,2,35,5.0500002,17,19.5,2.5,.12222222,.55000019,1
212,1,0,1,11,17.5,4.5,20,15,5.0500002,19.75,27.5,7.75,.12222222,.55000019,1
213,1,1,1,4.5,20,4.5500002,12,17.5,5.0500002,14.5,20.75,6.25,.10989007,.5,1
214,1,0,1,2,30,4.6199999,0,35,5.0500002,17,17.5,.5,.093073621,.43000031,1
215,1,0,1,10,10,4.5,20,10,5.0500002,15,25,10,.12222222,.55000019,1
216,2,0,1,2,11,4.25,2,18,5.0500002,7.5,11,3.5,.1882353,.80000019,1
217,2,1,1,2,13,4.25,0,12,5.0500002,8.5,6,-2.5,.1882353,.80000019,1
218,2,1,1,7,4,4.3499999,5,3,5.0500002,9,6.5,-2.5,.16091956,.70000029,1
219,2,1,1,3,9,4.25,9,9,5.0500002,7.5,13.5,6,.1882353,.80000019,1
220,2,0,1,3,15,4.25,3,12,5.0500002,10.5,9,-1.5,.1882353,.80000019,1
221,2,0,1,1,28,4.5999999,1,15,5.0500002,15,8.5,-6.5,.097826108,.45000029,1
222,3,1,1,2,24,4.25,2,15,5.0500002,14,9.5,-4.5,.1882353,.80000019,1
223,3,1,1,3,18,4.75,3,20,5.0500002,12,13,1,.063157894,.30000019,1
225,3,1,1,3,27,4.75,12,25,5.0500002,16.5,24.5,8,.063157894,.30000019,1
226,4,0,1,0,22,4.25,0,26,5.3000002,11,13,2,.1882353,1.0500002,1
228,4,0,1,3,28.5,4.5,11,19,5.0500002,17.25,20.5,3.25,.12222222,.55000019,1
229,1,0,1,3,40,4.5,22,11,5.5,23,27.5,4.5,.12222222,1,1
230,1,0,1,0,25,4.25,15,17,5.0500002,12.5,23.5,11,.1882353,.80000019,1
232,1,0,1,18,6,4.75,18,10,5.0500002,21,23,2,.063157894,.30000019,1
233,1,0,1,19,7,4.6500001,15,7,5.0500002,22.5,18.5,-4,.086021483,.4000001,1
235,1,0,1,5,17,4.25,,28,5.0500002,13.5,,,.1882353,.80000019,0
237,1,0,1,12,11,4.25,9,17,5.0500002,17.5,17.5,0,.1882353,.80000019,1
238,2,1,1,0,22,4.75,25,15,5.0500002,11,32.5,21.5,.063157894,.30000019,1
239,2,0,1,15,4,4.25,0,19,5.0500002,17,9.5,-7.5,.1882353,.80000019,1
243,3,1,1,7,25,4.5,7,22,5.0500002,19.5,18,-1.5,.12222222,.55000019,1
244,3,1,1,12,30,4.25,16,12,5.0500002,27,22,-5,.1882353,.80000019,1
247,4,0,1,0,40,4.5,0,40,5.0500002,20,20,0,.12222222,.55000019,1
248,4,0,1,8,16,4.75,10,14,5.0500002,16,17,1,.063157894,.30000019,1
249,1,0,1,6,6,4.3699999,10,12,5.0500002,9,16,7,.15560643,.68000031,1
250,2,1,1,1,4,4.5,2,4,5.0500002,3,4,1,.12222222,.55000019,1
253,3,1,1,7,7,4.8699999,4,8,5.0500002,10.5,8,-2.5,.036961012,.18000031,1
257,1,0,1,20,10,4.25,,,,25,,,.1882353,,0
258,1,0,1,4,22,4.25,20,18,5.0500002,15,29,14,.1882353,.80000019,1
260,1,1,1,10,20,4.25,4,26,5.0500002,20,17,-3,.1882353,.80000019,1
262,1,0,1,7,13,4.25,0,22.5,5.0500002,13.5,11.25,-2.25,.1882353,.80000019,1
264,1,0,1,0,10,4.25,0,23,5.0500002,5,11.5,6.5,.1882353,.80000019,1
265,1,0,1,0,20,4.25,0,0,,10,0,-10,.1882353,,0
267,1,0,1,6.5,20,4.25,30,25,5.0500002,16.5,42.5,26,.1882353,.80000019,1
269,2,1,1,2,10,4.4499998,10,3,5.0500002,7,11.5,4.5,.1348315,.60000038,1
273,2,1,1,2,14,4.6199999,2,11,5.0500002,9,7.5,-1.5,.093073621,.43000031,1
275,2,1,1,4,4,4.25,1,8,5.0500002,6,5,-1,.1882353,.80000019,1
277,2,1,1,2,15,4.25,1,14,5.0500002,9.5,8,-1.5,.1882353,.80000019,1
278,2,1,1,3,4,4.25,0,9,5.0500002,5,4.5,-.5,.1882353,.80000019,1
282,3,1,1,2,14,4.25,0,0,,9,0,-9,.1882353,,0
284,3,1,1,5,23,4.5,6,12,5.0500002,16.5,12,-4.5,.12222222,.55000019,1
285,3,1,1,3,25,4.75,3,15,5.0500002,15.5,10.5,-5,.063157894,.30000019,1
286,3,1,1,1,15,4.75,2,15,5.0500002,8.5,9.5,1,.063157894,.30000019,1
287,3,1,1,3,18,4.5,2,15,5.0500002,12,9.5,-2.5,.12222222,.55000019,1
288,3,1,1,0,20,4.75,5,9,5.0500002,10,9.5,-.5,.063157894,.30000019,1
289,3,1,1,2,12,4.25,3,10,5.0500002,8,8,0,.1882353,.80000019,1
290,4,0,1,8,12,4.75,0,23,5.0500002,14,11.5,-2.5,.063157894,.30000019,1
291,4,0,1,4,20,4.5500002,5,16,5.0999999,14,13,-1,.10989007,.54999971,1
292,4,0,1,10,15,4.8000002,15,11,5.0500002,17.5,20.5,3,.052083291,.25,1
295,1,0,1,8,9,4.75,,21,5.0500002,12.5,,,.063157894,.30000019,0
297,1,1,1,9,15,4.25,15,30,5.0500002,16.5,30,13.5,.1882353,.80000019,1
303,3,1,1,10,35,4.3499999,12,35,5.0500002,27.5,29.5,2,.16091956,.70000029,1
304,3,0,1,10,20,4.5,10,15,5.0500002,20,17.5,-2.5,.12222222,.55000019,1
305,3,1,1,0,20,4.3899999,5,22,5.0500002,10,16,6,.15034172,.66000032,1
307,3,1,1,17.5,17.5,4.25,25,25,5.1999998,26.25,37.5,11.25,.1882353,.94999981,1
310,4,0,1,0,28,4.25,3,23,5.0500002,14,14.5,.5,.1882353,.80000019,1
312,1,0,1,4,6,4.25,3,2,5.0500002,7,4,-3,.1882353,.80000019,1
313,1,0,1,11,9,4.5,0,30,5.0500002,15.5,15,-.5,.12222222,.55000019,0
314,1,0,1,8,12,4.6199999,15,6,5.25,14,18,4,.093073621,.63000011,1
316,1,1,1,15,15,4.6199999,12,14,5.0500002,22.5,19,-3.5,.093073621,.43000031,1
317,1,0,1,0,8,4.25,4,0,5.0500002,4,4,0,.1882353,.80000019,1
318,2,0,1,5,7,4.75,7,6,5.0500002,8.5,10,1.5,.063157894,.30000019,1
319,2,0,1,0,11,4.6199999,22,4,5.0500002,5.5,24,18.5,.093073621,.43000031,1
322,3,1,1,8,13,4.75,12,5,5.0500002,14.5,14.5,0,.063157894,.30000019,1
325,3,1,1,4,15,4.5,1,15,5.0500002,11.5,8.5,-3,.12222222,.55000019,1
333,1,0,1,2,16.5,4.25,3,20,5.0500002,10.25,13,2.75,.1882353,.80000019,1
336,1,0,1,28,12,4.5,10,20,5.0500002,34,20,-14,.12222222,.55000019,1
337,1,1,1,5,29.5,4.8699999,25,5,5.0500002,19.75,27.5,7.75,.036961012,.18000031,1
339,1,1,1,18,6,4.25,5,9,5.0500002,21,9.5,-11.5,.1882353,.80000019,1
340,1,0,1,6,30,4.25,15,17,5.0500002,21,23.5,2.5,.1882353,.80000019,1
341,2,1,1,2,7,4.6199999,3,7,5.0500002,5.5,6.5,1,.093073621,.43000031,1
343,2,1,1,10,6,4.75,4,11,5.0500002,13,9.5,-3.5,.063157894,.30000019,1
346,2,1,1,2,10.5,4.25,3,12,,7.25,9,1.75,.1882353,,0
348,3,1,1,3,10.5,4.25,0,0,,8.25,0,-8.25,.1882353,,0
350,3,1,1,8,9,4.75,5,20,5.0500002,12.5,15,2.5,.063157894,.30000019,1
351,3,1,1,2,27.5,4.25,10,20,5.0500002,15.75,20,4.25,.1882353,.80000019,1
352,3,1,1,0,19,4.75,,,,9.5,,,.063157894,,0
353,3,1,1,7.5,22.5,4.3699999,,31,5.0500002,18.75,,,.15560643,.68000031,0
355,4,0,1,2,17,4.8699999,3,17,,10.5,11.5,1,.036961012,,0
359,1,1,1,0,22,4.25,0,26,5.0500002,11,13,2,.1882353,.80000019,1
360,1,0,1,3,25,4.25,5,32,5.0500002,15.5,21,5.5,.1882353,.80000019,1
361,1,0,1,6,13,4.25,4,23,5.0500002,12.5,15.5,3,.1882353,.80000019,1
362,2,0,1,6,13,4.25,24,4,5.0500002,12.5,26,13.5,.1882353,.80000019,0
363,2,0,1,0,25,4.25,14,7,5.1999998,12.5,17.5,5,.1882353,.94999981,1
364,2,0,1,3.5,20,4.25,1,30,5.0500002,13.5,16,2.5,.1882353,.80000019,1
366,3,0,1,2,17,4.5,1,19,5.0500002,10.5,10.5,0,.12222222,.55000019,1
368,4,0,1,0,20,4.25,0,25,5.0500002,10,12.5,2.5,.1882353,.80000019,1
369,1,1,1,0,15,4.3499999,0,0,,7.5,0,-7.5,.16091956,,0
370,1,0,1,20,11.5,4.8499999,26,5,5.0500002,25.75,28.5,2.75,.041237134,.20000029,1
376,1,0,1,4,10,4.5,0,17,5.0500002,9,8.5,-.5,.12222222,.55000019,1
377,1,0,1,12,6,4.25,11,12,5.0500002,15,17,2,.1882353,.80000019,1
379,1,0,1,20,12,4.6199999,28,6,5.0500002,26,31,5,.093073621,.43000031,1
380,1,0,1,10,15,4.5,15,14,5.0500002,17.5,22,4.5,.12222222,.55000019,1
383,1,0,1,6,4,4.5,7,2,5.0500002,8,8,0,.12222222,.55000019,1
384,1,0,1,,,4.6500001,0,30,5.0500002,,15,,.086021483,.4000001,0
385,1,0,1,16,14,4.25,15,14,5.0500002,23,22,-1,.1882353,.80000019,1
386,1,0,1,0,19,4.25,14,10,5.0500002,9.5,19,9.5,.1882353,.80000019,1
391,2,0,1,15,5,4.25,12,7,5.0500002,17.5,15.5,-2,.1882353,.80000019,1
393,2,1,1,4,10,4.6199999,18,4,5.25,9,20,11,.093073621,.63000011,1
396,3,1,1,24,16,4.8699999,8,30,5.4000001,32,23,-9,.036961012,.53000021,1
397,3,1,1,4,28,4.25,6,15,5.0500002,18,13.5,-4.5,.1882353,.80000019,1
398,3,1,1,14,13,4.75,25,15,5.0500002,20.5,32.5,12,.063157894,.30000019,1
399,3,1,1,13,8,4.8699999,18,18,5.0500002,17,27,10,.036961012,.18000031,1
400,3,1,1,16,15,4.5,8,24,5.0500002,23.5,20,-3.5,.12222222,.55000019,1
401,3,0,1,8,6,4.25,5,27,5.0500002,11,18.5,7.5,.1882353,.80000019,1
402,3,1,1,11,10,4.75,17,5,5.0500002,16,19.5,3.5,.063157894,.30000019,1
405,3,1,1,6,17,4.3200002,1.5,15,5.0500002,14.5,9,-5.5,.16898143,.73000002,1
410,1,0,1,0,35,4.25,0,35,5.0500002,17.5,17.5,0,.1882353,.80000019,1
411,1,0,1,0,36,4.5,4,36,5.0500002,18,22,4,.12222222,.55000019,1
412,2,0,1,0,17,4.5,0,13,5.0500002,8.5,6.5,-2,.12222222,.55000019,1
413,1,0,1,0,36,4.25,0,20,5.0500002,18,10,-8,.1882353,.80000019,1
414,1,0,1,0,36,4.25,13,9,5.0500002,18,17.5,-.5,.1882353,.80000019,1
415,1,0,1,8,32,4.25,0,38,5.0500002,24,19,-5,.1882353,.80000019,1
417,1,1,1,4,28,4.25,13,17,5.0500002,18,21.5,3.5,.1882353,.80000019,1
418,1,0,1,30,15,4.25,0,35,5.0500002,37.5,17.5,-20,.1882353,.80000019,1
419,2,1,1,3,10,4.25,5,5,5.0500002,8,7.5,-.5,.1882353,.80000019,1
421,2,1,1,20,10,4.6199999,25,7,5.0500002,25,28.5,3.5,.093073621,.43000031,1
422,2,0,1,0,7,4.75,5,10,5.0500002,3.5,10,6.5,.063157894,.30000019,1
423,2,1,1,2,10,4.9499998,19,3.5,5.25,7,20.75,13.75,.020202059,.30000019,1
424,2,1,1,3.5,6.5,4.75,12,3,5.25,6.75,13.5,6.75,.063157894,.5,1
426,3,1,1,3,33,4.25,5,25,5.0500002,19.5,17.5,-2,.1882353,.80000019,1
427,4,0,1,7,8,4.75,0,35,5.0500002,11,17.5,6.5,.063157894,.30000019,1
428,4,0,1,0,33,4.6199999,10,24,5.1399999,16.5,22,5.5,.093073621,.51999998,1
